GEOID,total_households,no_vehicle_hh,total_workers,public_transit_workers,unemployment_rate,metro_area,longitude,latitude,pct_no_vehicle,pct_public_transit,quadrant,vehicle_quartile,transit_quartile,extreme_classification
48001811426,1003,454,569,122,9.145260296473012,Houston,-96.44594788679387,30.050894164456984,45.2642073778664,21.441124780316343,Transit Dependent,4,4,Other
48005766174,956,201,438,48,3.4117349051147823,Houston,-96.37466854334343,30.086285986728033,21.02510460251046,10.95890410958904,Car Dependent,2,2,Other
48001150164,1006,297,793,15,3.2289530324450073,Austin,-95.8734199074097,29.66246852478944,29.52286282306163,1.8915510718789406,Commuting Dead,3,1,Moderate Commuting Dead
48009615385,1005,429,799,37,7.128410262904795,Dallas,-95.09592759294901,29.82566138673574,42.68656716417911,4.630788485607009,Commuting Dead,4,1,Extreme Commuting Dead
48010515348,1035,216,420,53,7.205716362177162,Houston,-96.16617616359144,29.867052019014956,20.869565217391305,12.619047619047619,Car Dependent,2,2,Other
48004764855,1014,327,535,93,7.315315962186571,Austin,-95.79664046841208,29.652019334817304,32.24852071005917,17.38317757009346,Transit Dependent,3,3,Other
48002890977,1031,386,663,72,0,Dallas,-95.24963665683754,30.058461692766286,37.43937924345296,10.85972850678733,Commuting Dead,4,2,Moderate Commuting Dead
48010484910,972,42,707,74,0,Houston,-95.46156795544084,30.14269204903394,4.320987654320987,10.466760961810467,Car Dependent,1,2,Other
48001316152,981,212,628,9,10.164101097477216,Dallas,-96.01959411916323,29.572890072222798,21.61060142711519,1.4331210191082804,Car Dependent,2,1,Other
48008125112,1007,252,610,94,6.836838563137252,Houston,-95.80212342052255,30.19788387704175,25.02482621648461,15.40983606557377,Transit Dependent,3,3,Other
48007078142,980,319,595,118,3.49054970958845,Houston,-96.30413950490765,29.751325109205208,32.55102040816327,19.831932773109244,Transit Dependent,3,4,Other
48004296362,1014,73,580,107,4.792293879963277,Dallas,-96.13280387525447,29.767364525119774,7.199211045364892,18.448275862068968,Transit Choice,1,3,Other
48009754947,1054,191,808,109,5.665265494610526,Dallas,-96.18565506045707,29.60188747716602,18.12144212523719,13.490099009900991,Transit Choice,2,3,Other
48005608274,1007,26,547,120,1.8737289111022004,Houston,-95.09517842996866,30.07848654608242,2.5819265143992056,21.937842778793417,Transit Choice,1,4,Other
48004075954,1021,21,536,53,0,Houston,-95.8850710716797,29.97971584550105,2.056807051909892,9.888059701492537,Car Dependent,1,2,Other
48010950209,1028,351,498,46,2.3298017873123955,Houston,-95.14161782106385,30.10232581058517,34.143968871595334,9.236947791164658,Commuting Dead,3,2,Moderate Commuting Dead
48002507507,997,339,594,128,3.0825017172189524,Austin,-95.55899889266584,29.91327603375539,34.00200601805417,21.548821548821547,Transit Dependent,3,4,Other
48003519710,992,32,758,77,9.043236505038502,Houston,-96.28645250736736,30.074867111234926,3.225806451612903,10.158311345646439,Car Dependent,1,2,Other
48009198451,1035,146,751,36,4.425015053699713,Austin,-95.06525488581974,29.553371702181174,14.106280193236714,4.793608521970706,Car Dependent,2,1,Other
48009081344,1009,417,700,96,7.424382540030771,Houston,-95.75951668224297,29.739604564826003,41.32804757185332,13.714285714285715,Transit Dependent,4,3,Other
48004286900,1036,158,570,62,4.414000096866422,Houston,-95.84944663615897,29.700590943335555,15.250965250965251,10.87719298245614,Car Dependent,2,2,Other
48005920659,999,168,604,157,3.1462339344882886,Austin,-95.4424509909004,30.02277089927811,16.816816816816818,25.99337748344371,Transit Choice,2,4,Other
48005801274,1021,256,612,114,6.109841776527814,Austin,-96.4016838594107,29.810877778101712,25.073457394711067,18.627450980392158,Transit Dependent,3,3,Other
48004669679,1016,133,462,61,7.370929112739801,Dallas,-96.44426954165101,30.123068808740936,13.090551181102361,13.203463203463203,Transit Choice,2,3,Other
48002080936,1034,405,600,21,11.817752147718968,Houston,-95.00109084078576,29.5831123854965,39.16827852998066,3.5000000000000004,Commuting Dead,4,1,Extreme Commuting Dead
48008459690,1013,92,532,80,10.57645999831767,Dallas,-96.01052413962316,30.199020065227522,9.08193484698914,15.037593984962406,Transit Choice,1,3,Other
48003824738,1005,275,697,47,13.38731691564149,Dallas,-95.56745167879853,29.951792626851237,27.363184079601986,6.743185078909613,Commuting Dead,3,1,Moderate Commuting Dead
48010344964,984,42,720,156,5.1145774078851085,Houston,-95.4742226661183,29.95870990285184,4.2682926829268295,21.666666666666668,Transit Choice,1,4,Other
48001454545,939,332,580,73,1.773938990027626,Austin,-95.80213879083749,29.79033254326787,35.356762513312034,12.586206896551724,Commuting Dead,3,2,Moderate Commuting Dead
48010772471,1024,300,475,87,10.831504249693584,Austin,-95.95323451142758,29.86996291449759,29.296875,18.31578947368421,Transit Dependent,3,3,Other
48008201395,962,323,472,74,7.856644224945856,Houston,-95.01310882158577,30.119408519659192,33.57588357588357,15.677966101694915,Transit Dependent,3,3,Other
48006428553,1000,27,513,120,3.661543307496709,Houston,-96.4693060698919,29.619974524062126,2.7,23.391812865497073,Transit Choice,1,4,Other
48010935614,964,260,458,20,5.490767048250683,Houston,-95.51070395566057,29.705131784197874,26.970954356846473,4.366812227074235,Commuting Dead,3,1,Moderate Commuting Dead
48008184341,1024,326,730,11,11.041463331707082,Houston,-96.39656886970624,29.853741853311657,31.8359375,1.5068493150684932,Commuting Dead,3,1,Moderate Commuting Dead
48004689515,981,338,575,129,11.469849252724238,Austin,-95.61915586970281,29.891356450668535,34.454638124362894,22.434782608695652,Transit Dependent,3,4,Other
48004936428,1031,86,680,27,5.425366776692734,Austin,-96.23297758423723,30.031937159248628,8.341416100872939,3.9705882352941173,Car Dependent,1,1,Other
48006043874,990,194,410,48,4.074327940037696,Houston,-95.86819768417627,29.58377023828216,19.5959595959596,11.707317073170733,Car Dependent,2,2,Other
48002233351,1028,343,524,15,10.6595126131929,Houston,-95.64625496184453,30.023037722404116,33.36575875486381,2.8625954198473282,Commuting Dead,3,1,Moderate Commuting Dead
48005028484,1008,74,644,21,6.050504491804512,Houston,-95.98353944090195,29.973716047336346,7.341269841269842,3.260869565217391,Car Dependent,1,1,Other
48004850547,1040,393,812,136,7.450180231297134,Dallas,-96.44812426751014,29.627693626098335,37.78846153846154,16.748768472906402,Transit Dependent,4,3,Other
48002019548,1003,267,447,10,2.02528168505301,Houston,-95.18823144538328,29.7511154464446,26.62013958125623,2.237136465324385,Commuting Dead,3,1,Moderate Commuting Dead
48008020900,1064,290,475,17,9.12637002910877,Houston,-95.46278483106289,29.85133198350668,27.25563909774436,3.578947368421052,Commuting Dead,3,1,Moderate Commuting Dead
48002528290,981,20,641,130,1.5870861915404162,Dallas,-95.36428916302975,29.518992171552963,2.038735983690112,20.2808112324493,Transit Choice,1,4,Other
48003687069,1034,22,795,87,3.8107729097767002,Houston,-95.21565069863573,29.59759296826087,2.127659574468085,10.943396226415095,Car Dependent,1,2,Other
48008643129,1036,116,823,191,4.232855006093685,Houston,-95.40792471112218,29.854979998618365,11.196911196911197,23.207776427703525,Transit Choice,1,4,Other
48007263400,1030,57,738,130,3.008587865097751,Houston,-96.07104805717245,29.96044775841292,5.533980582524272,17.615176151761517,Transit Choice,1,3,Other
48001157370,1026,220,817,47,8.799279735855619,Houston,-95.9633788295323,29.94801973258145,21.44249512670565,5.752753977968176,Car Dependent,2,1,Other
48005794210,1004,450,409,117,7.418446479774919,Houston,-95.25884159444831,29.87532948376611,44.820717131474105,28.606356968215156,Transit Dependent,4,4,Other
48010453860,974,186,615,84,7.112547067216436,Dallas,-96.2914046398364,30.030089437239802,19.096509240246405,13.658536585365855,Transit Choice,2,3,Other
48002584107,1045,450,679,67,2.4170334478761832,Austin,-95.24787809164263,30.121495079249144,43.0622009569378,9.867452135493373,Commuting Dead,4,2,Moderate Commuting Dead
48006762250,971,169,435,98,6.19468887561456,Dallas,-96.3328485947568,29.979168326430955,17.404737384140063,22.528735632183906,Transit Choice,2,4,Other
48006668001,1048,224,750,102,5.277126174064165,Dallas,-95.76027190813329,29.891908802627587,21.374045801526716,13.600000000000001,Transit Choice,2,3,Other
48002870271,945,379,703,73,12.46839348155724,Houston,-95.38273148424923,29.838290134980344,40.10582010582011,10.38406827880512,Commuting Dead,4,2,Moderate Commuting Dead
48004237626,1008,374,490,68,0.3023582761960591,Dallas,-95.9608239060035,30.090076035121456,37.10317460317461,13.877551020408163,Transit Dependent,4,3,Other
48003287200,1005,88,801,88,10.483959864877589,Dallas,-95.75174734252505,30.126056394493208,8.756218905472638,10.986267166042447,Car Dependent,1,2,Other
48006746475,990,69,592,32,4.479020752315694,Austin,-95.86312645638827,30.00577922805678,6.969696969696971,5.405405405405405,Car Dependent,1,1,Other
48005963872,1016,23,575,24,8.688023658342662,Houston,-96.46283256926108,30.163603179506026,2.263779527559055,4.173913043478262,Car Dependent,1,1,Other
48002530590,1049,354,442,3,10.600028349771234,Austin,-96.45466826029588,29.638539969269186,33.74642516682555,0.6787330316742082,Commuting Dead,3,1,Moderate Commuting Dead
48007157349,1054,365,836,109,10.1478923445687,Houston,-95.08895970287267,29.56268458694685,34.629981024667934,13.038277511961722,Transit Dependent,3,3,Other
48006299362,1015,104,480,118,5.661013180273866,Dallas,-95.43143079255242,29.54755870504305,10.246305418719212,24.583333333333332,Transit Choice,1,4,Other
48010546787,1020,271,702,185,1.6887826412885847,Houston,-95.36611296283081,29.97134800704662,26.568627450980394,26.353276353276357,Transit Dependent,3,4,Other
48010494252,1015,110,631,52,6.520941092212018,Dallas,-95.553001151653,29.83864110966679,10.83743842364532,8.240887480190175,Car Dependent,1,2,Other
48008090107,999,205,459,125,3.969120367342076,Austin,-95.9874353306368,29.9022436061874,20.52052052052052,27.233115468409586,Transit Choice,2,4,Other
48005520829,904,213,581,44,4.150132287877644,Houston,-95.84121476870496,30.190150643372906,23.561946902654867,7.573149741824441,Car Dependent,2,2,Other
48001770864,984,137,479,31,0,Dallas,-95.05890017212369,29.504897273145616,13.922764227642276,6.471816283924843,Car Dependent,2,1,Other
48001130974,1028,317,605,80,8.693842716876725,Houston,-96.49508141435217,30.044137526722626,30.836575875486382,13.223140495867769,Transit Dependent,3,3,Other
48007341658,982,36,734,143,3.501605605662548,Dallas,-95.60765806003474,29.99942334606312,3.6659877800407332,19.482288828337875,Transit Choice,1,4,Other
48004051924,987,139,481,35,5.954693901370465,Dallas,-95.57759008381981,29.989767078123986,14.083080040526848,7.276507276507277,Car Dependent,2,2,Other
48010981864,1005,90,726,173,0.5289998039535417,Houston,-96.40238006308209,29.754551267856733,8.955223880597014,23.829201101928373,Transit Choice,1,4,Other
48009892488,1098,150,757,158,2.7613092742207344,Houston,-95.42889097286388,30.017183310864493,13.661202185792352,20.871862615587848,Transit Choice,2,4,Other
48004140207,1025,329,623,102,6.780002598693684,Houston,-95.49545123463031,29.932326476229353,32.09756097560976,16.37239165329053,Transit Dependent,3,3,Other
48009534586,1029,405,785,68,10.288314622057518,Houston,-96.21350073639769,30.130984805896876,39.35860058309038,8.662420382165605,Commuting Dead,4,2,Moderate Commuting Dead
48003359523,1021,208,418,14,11.22933231962142,Dallas,-96.04661163163837,29.833809849550015,20.372184133202744,3.349282296650718,Car Dependent,2,1,Other
48005059294,982,431,500,105,9.222720095583053,Dallas,-95.23471880331635,30.168027052492835,43.890020366598776,21,Transit Dependent,4,4,Other
48008968196,981,44,570,119,3.820879431249302,Houston,-95.23331329086795,29.869202503678387,4.485219164118247,20.87719298245614,Transit Choice,1,4,Other
48005721961,1029,249,627,75,8.581850573573247,Austin,-95.42292667145375,30.08278376390226,24.198250728862973,11.961722488038278,Commuting Dead,3,2,Moderate Commuting Dead
48006015851,1016,358,598,19,7.924963994038828,Dallas,-96.39649046084378,29.546399338450282,35.23622047244094,3.177257525083612,Commuting Dead,3,1,Moderate Commuting Dead
48002360212,972,50,505,23,3.3685525775826575,Houston,-96.32387417659629,30.131256450992076,5.1440329218107,4.554455445544554,Car Dependent,1,1,Other
48002856713,982,377,453,75,10.084965673179422,Austin,-95.33271457185037,29.569484614254907,38.39103869653768,16.55629139072848,Transit Dependent,4,3,Other
48008770463,987,221,579,109,6.612613379732706,Houston,-96.24667757272255,30.094765021069907,22.391084093211752,18.825561312607945,Transit Choice,2,3,Other
48001459206,995,196,655,143,2.650424571114459,Houston,-95.26133534230758,29.62530036654789,19.698492462311556,21.83206106870229,Transit Choice,2,4,Other
48002757398,1027,353,642,159,7.279562770235307,Dallas,-95.88103207212407,30.14389915273059,34.37195715676729,24.766355140186917,Transit Dependent,3,4,Other
48005022795,1010,199,689,67,9.538369787870048,Houston,-95.76979888859205,29.762551666097714,19.702970297029704,9.724238026124818,Car Dependent,2,2,Other
48008675785,971,69,567,35,5.0175007665818185,Dallas,-96.25855423917528,30.113484298763797,7.106076210092688,6.172839506172839,Car Dependent,1,1,Other
48007090987,967,386,507,35,9.72039456496382,Austin,-95.4831705223769,30.029390459670683,39.917269906928645,6.903353057199212,Commuting Dead,4,1,Extreme Commuting Dead
48008171937,917,122,499,42,7.414038919210921,Houston,-96.27834834274836,29.538411310501395,13.304252998909488,8.41683366733467,Car Dependent,2,2,Other
48005698225,1012,288,602,25,11.638945181042176,Dallas,-96.207324984367,29.74061865741387,28.458498023715418,4.152823920265781,Commuting Dead,3,1,Moderate Commuting Dead
48004026920,1047,411,552,29,8.036271634097513,Houston,-95.13045603001956,29.65829635562841,39.25501432664756,5.253623188405797,Commuting Dead,4,1,Extreme Commuting Dead
48009657138,1001,428,678,125,11.797608812411916,Austin,-95.89663488673978,30.003910812945104,42.75724275724276,18.436578171091444,Transit Dependent,4,3,Other
48004004919,968,428,586,133,10.146837268476398,Houston,-96.31421581364702,29.78384678347502,44.214876033057855,22.696245733788395,Transit Dependent,4,4,Other
48007332322,984,226,676,152,6.454225189115173,Houston,-95.8194463053951,29.650721879582854,22.96747967479675,22.485207100591715,Transit Choice,2,4,Other
48010902885,1029,56,585,68,7.066484647855481,Houston,-95.59566009836271,29.8442823817255,5.442176870748299,11.623931623931623,Car Dependent,1,2,Other
48002026462,983,413,449,55,8.872086423289273,Austin,-95.219669191516,30.15581112012733,42.01424211597152,12.24944320712695,Commuting Dead,4,2,Moderate Commuting Dead
48005564023,952,158,492,7,4.690923362558255,Austin,-96.41061709763017,30.182639013626613,16.596638655462183,1.4227642276422763,Car Dependent,2,1,Other
48006069436,963,209,651,150,5.052449923390294,Houston,-95.59607801202219,29.847138906433248,21.70301142263759,23.04147465437788,Transit Choice,2,4,Other
48003216015,1040,269,685,8,7.660522674570215,Houston,-95.75427291507367,29.95617224483285,25.865384615384617,1.167883211678832,Commuting Dead,3,1,Moderate Commuting Dead
48006439950,998,357,589,47,10.270047180147477,Houston,-95.42053363251034,29.767004645289852,35.77154308617235,7.979626485568761,Commuting Dead,3,2,Moderate Commuting Dead
48001617955,1038,336,688,139,7.983068695145454,Houston,-95.4276676903246,30.09984389336314,32.369942196531795,20.203488372093023,Transit Dependent,3,4,Other
48009422981,1055,191,516,76,0,Houston,-96.14310149138328,30.09824459028896,18.104265402843602,14.728682170542637,Transit Choice,2,3,Other
48009489638,986,238,618,102,2.2174572250129474,Austin,-95.19991199870128,29.77517948958557,24.137931034482758,16.50485436893204,Transit Dependent,3,3,Other
48005320277,1014,73,800,64,4.281204748244042,Austin,-96.10802919277921,29.710919070523232,7.199211045364892,8,Car Dependent,1,2,Other
48009935154,1023,123,465,9,0,Houston,-96.30275517562404,29.90201664180495,12.023460410557185,1.935483870967742,Car Dependent,1,1,Other
48010573475,1011,390,700,142,6.482400430301777,Houston,-96.21688073989935,29.96973639577627,38.57566765578635,20.285714285714285,Transit Dependent,4,4,Other
48008184521,1012,381,670,20,4.881543431030812,Dallas,-96.15794839768205,29.800271450052968,37.648221343873516,2.9850746268656714,Commuting Dead,4,1,Extreme Commuting Dead
48007990719,1005,464,755,139,10.389203696321758,Houston,-95.28505012160167,29.52850500228815,46.16915422885572,18.41059602649007,Transit Dependent,4,3,Other
48006822363,970,298,646,97,8.35499725415357,Houston,-95.27781565766782,29.806449768319727,30.721649484536083,15.015479876160992,Transit Dependent,3,3,Other
48001818907,1007,192,534,88,0,Houston,-95.70605852990411,29.6221330961911,19.06653426017875,16.479400749063668,Transit Choice,2,3,Other
48005448810,1001,237,556,80,6.679667953576925,Houston,-95.41627009399235,30.174259774782694,23.676323676323676,14.388489208633093,Transit Choice,2,3,Other
48009053730,985,426,416,34,7.846255349360726,Dallas,-95.628180781845,29.51423413003795,43.248730964467,8.173076923076923,Commuting Dead,4,2,Moderate Commuting Dead
48007229312,1014,249,694,10,16.841980290553252,Dallas,-95.92025532841217,29.934805396548473,24.556213017751478,1.440922190201729,Commuting Dead,3,1,Moderate Commuting Dead
48010036314,1005,198,518,111,0.9967328771946227,Dallas,-95.8543560813414,29.70435607333202,19.701492537313435,21.428571428571427,Transit Choice,2,4,Other
48010736344,999,111,758,138,3.302978505456191,Houston,-95.7211894748034,29.949762477586045,11.11111111111111,18.20580474934037,Transit Choice,1,3,Other
48010486374,1049,373,775,46,9.696169371138678,Houston,-96.22124678420369,29.941894657257944,35.557673975214485,5.935483870967742,Commuting Dead,3,1,Moderate Commuting Dead
48008861910,1002,235,653,56,2.656223717090251,Austin,-96.0313294614898,29.838296428183092,23.45309381237525,8.575803981623277,Car Dependent,2,2,Other
48001862899,980,75,684,118,3.6746936531112215,Houston,-95.46025909576565,29.76440595332533,7.653061224489796,17.251461988304094,Transit Choice,1,3,Other
48009597104,1090,355,775,176,0.05946395680584726,Houston,-95.35689054336399,29.69221459007822,32.56880733944954,22.70967741935484,Transit Dependent,3,4,Other
48009052330,1008,275,798,8,9.284529080700677,Austin,-95.43297817988787,29.660366238467397,27.281746031746028,1.0025062656641603,Commuting Dead,3,1,Moderate Commuting Dead
48003450073,988,58,751,129,7.585315302471661,Houston,-95.54554720234592,29.793829851062036,5.870445344129554,17.177097203728362,Transit Choice,1,3,Other
48001481023,977,119,439,79,6.103097026245878,Houston,-95.4746057788143,30.07829787940718,12.18014329580348,17.995444191343964,Transit Choice,1,3,Other
48006074020,999,246,780,159,7.561802972456682,Houston,-95.80590685619973,29.578610604605636,24.624624624624623,20.384615384615383,Transit Dependent,3,4,Other
48008227080,995,59,548,40,0.5054011927620159,Houston,-95.6105539817363,29.642745471722446,5.92964824120603,7.2992700729927,Car Dependent,1,2,Other
48005982222,1000,69,526,6,5.823643595348084,Houston,-96.20157805329654,29.84454742509406,6.9,1.1406844106463878,Car Dependent,1,1,Other
48001064186,1017,368,647,91,0,Dallas,-95.39747685636394,30.036051722127013,36.18485742379548,14.064914992272023,Transit Dependent,4,3,Other
48006264945,1012,395,543,112,7.233227259355128,Dallas,-95.58598599140532,29.657790179084987,39.03162055335969,20.626151012891345,Transit Dependent,4,4,Other
48001023632,1015,434,683,154,6.312621961845942,Dallas,-95.56652641762048,30.000779800582677,42.758620689655174,22.547584187408493,Transit Dependent,4,4,Other
48002228377,1014,141,556,108,3.472661760953242,Houston,-95.92050731810741,30.117958180163985,13.905325443786982,19.424460431654676,Transit Choice,2,4,Other
48002913894,1047,132,594,158,0.8100354591893577,Houston,-95.8662640004186,29.627633489202708,12.607449856733524,26.599326599326602,Transit Choice,1,4,Other
48006155278,970,107,723,129,0,Houston,-96.45190807338804,30.15414968950208,11.030927835051546,17.842323651452283,Transit Choice,1,3,Other
48006571960,998,113,766,61,5.052388901930956,Austin,-96.22910938202403,29.901638681953774,11.322645290581162,7.963446475195822,Car Dependent,1,2,Other
48006759479,987,100,679,21,5.288293372922939,Dallas,-96.24549441155978,29.584645053441637,10.131712259371833,3.0927835051546393,Car Dependent,1,1,Other
48006589784,1002,79,719,132,2.6603889000663776,Dallas,-96.40826186526101,29.613050775253214,7.884231536926148,18.35883171070932,Transit Choice,1,3,Other
48004905795,987,339,723,93,7.309240958945785,Houston,-96.43131707014982,29.5684915661579,34.34650455927052,12.863070539419086,Commuting Dead,3,2,Moderate Commuting Dead
48002204067,998,166,698,146,4.234594501785126,Austin,-96.37400476331823,30.086825217702426,16.63326653306613,20.916905444126073,Transit Choice,2,4,Other
48010411105,969,164,627,12,3.172227165106219,Austin,-95.2630171359051,29.719685065816158,16.92466460268318,1.9138755980861244,Car Dependent,2,1,Other
48007763128,950,315,531,21,4.240715655916647,Houston,-95.29219303594436,30.078262110846115,33.1578947368421,3.954802259887006,Commuting Dead,3,1,Moderate Commuting Dead
48010264022,1035,135,574,51,3.2167851391033704,Houston,-95.09752871911041,29.833339473837988,13.043478260869565,8.885017421602788,Car Dependent,2,2,Other
48009198941,968,355,730,150,6.465117929016211,Dallas,-95.81041600403842,29.737260588421485,36.67355371900827,20.54794520547945,Transit Dependent,4,4,Other
48001663944,1007,52,432,28,6.681326141992222,Houston,-95.01391876523849,29.885669933329336,5.163853028798411,6.481481481481481,Car Dependent,1,1,Other
48002744748,977,322,643,9,9.712203386832991,Houston,-95.98914469999727,30.189280951046385,32.95803480040942,1.3996889580093312,Commuting Dead,3,1,Moderate Commuting Dead
48008779375,1036,453,433,72,3.33367767722576,Houston,-95.02447187399957,30.05128156892024,43.72586872586873,16.628175519630485,Transit Dependent,4,3,Other
48008549976,976,359,494,55,7.055674499715439,Austin,-95.37022179132327,29.898083304846658,36.7827868852459,11.133603238866396,Commuting Dead,4,2,Moderate Commuting Dead
48002168067,995,339,787,186,4.34670956215181,Houston,-96.16122044017538,29.60835770026315,34.07035175879397,23.63405336721728,Transit Dependent,3,4,Other
48009620905,1015,146,611,48,7.920035629542919,Houston,-96.00851450953633,29.996202741819435,14.384236453201972,7.855973813420622,Car Dependent,2,2,Other
48002998791,961,276,577,107,5.631299069846679,Houston,-96.34232818009332,29.9181340259267,28.720083246618106,18.544194107452338,Transit Dependent,3,3,Other
48002715223,1012,223,604,110,7.764488633134885,Dallas,-95.11613298708107,29.95311323995702,22.035573122529645,18.211920529801322,Transit Choice,2,3,Other
48010729837,991,190,678,58,7.733440199804119,Dallas,-96.10093708429486,29.68301490994636,19.17255297679112,8.55457227138643,Car Dependent,2,2,Other
48009026848,998,361,417,10,4.870340483187172,Houston,-95.29379370529205,30.05955571292434,36.172344689378754,2.3980815347721824,Commuting Dead,3,1,Moderate Commuting Dead
48006941359,1018,22,715,155,5.664378314421392,Dallas,-95.15251265163533,29.691444652015342,2.161100196463654,21.678321678321677,Transit Choice,1,4,Other
48005242659,977,163,580,131,2.28731323667268,Dallas,-96.29546292335726,29.53832811906468,16.68372569089048,22.586206896551726,Transit Choice,2,4,Other
48010717357,988,143,761,180,6.671381348196653,Houston,-96.25976579717826,29.995973705290815,14.473684210526317,23.653088042049937,Transit Choice,2,4,Other
48001176706,928,97,547,139,3.4182454854158846,Austin,-95.46803199709393,29.95140320516657,10.452586206896552,25.411334552102378,Transit Choice,1,4,Other
48001387749,1027,276,713,111,7.875101600263025,Austin,-96.14099524379708,29.884565936424767,26.874391431353455,15.568022440392706,Transit Dependent,3,3,Other
48005575229,962,47,663,57,4.86055769043556,Austin,-96.29908770637121,29.5530278745573,4.885654885654886,8.597285067873303,Car Dependent,1,2,Other
48003082977,1026,106,620,48,1.1434391753724595,Austin,-96.15860292303842,30.03270765731577,10.33138401559454,7.741935483870968,Car Dependent,1,2,Other
48010231506,1021,449,570,132,9.748496473758422,Houston,-95.36924334277865,30.004095267038792,43.976493633692456,23.157894736842106,Transit Dependent,4,4,Other
48001911973,978,71,693,136,4.755306953178486,Houston,-95.91384356259368,29.643540428741836,7.259713701431493,19.624819624819626,Transit Choice,1,4,Other
48005134954,1010,50,463,5,1.620680558882458,Houston,-95.82985080929939,29.81150329846423,4.9504950495049505,1.079913606911447,Car Dependent,1,1,Other
48003499865,1035,399,677,130,4.253855180512642,Houston,-95.38199009059463,29.874191839993,38.550724637681164,19.202363367799112,Transit Dependent,4,3,Other
48006421902,1009,261,593,119,8.75685643769682,Dallas,-96.14427143044304,30.146269348450005,25.867195242814667,20.06745362563238,Transit Dependent,3,4,Other
48010839515,996,43,504,82,4.87265693318838,Houston,-96.40212609630544,29.80043809548952,4.317269076305221,16.26984126984127,Transit Choice,1,3,Other
48004640512,999,445,476,31,15.236310941491377,Houston,-95.77881862875074,30.093176296143792,44.54454454454454,6.512605042016808,Commuting Dead,4,1,Extreme Commuting Dead
48010433738,1016,88,744,175,2.7957830366872347,Houston,-95.76293171441648,30.092897824407554,8.661417322834646,23.521505376344088,Transit Choice,1,4,Other
48001323241,986,353,459,94,12.676715915737422,Houston,-95.86364083283115,30.093183517851866,35.80121703853955,20.47930283224401,Transit Dependent,3,4,Other
48004397382,996,78,624,157,0,Dallas,-96.4405003353022,29.842203586734833,7.83132530120482,25.16025641025641,Transit Choice,1,4,Other
48004250268,987,212,624,139,8.986137014783992,Dallas,-95.903346858453,29.948715219902805,21.479229989868287,22.275641025641026,Transit Choice,2,4,Other
48004462495,997,105,593,27,4.2466249723981075,Dallas,-95.2253384195501,29.648921138281004,10.531594784353059,4.5531197301854975,Car Dependent,1,1,Other
48001637118,981,327,446,17,7.42135685469187,Houston,-95.05836774036288,29.656451745913365,33.33333333333333,3.811659192825112,Commuting Dead,3,1,Moderate Commuting Dead
48009493861,1025,384,483,85,6.117891228261173,Austin,-95.29135156515986,30.034706602967344,37.46341463414634,17.598343685300208,Transit Dependent,4,3,Other
48001644435,979,394,605,67,5.657317688450876,Dallas,-96.37454208137933,29.931638046819717,40.24514811031665,11.074380165289256,Commuting Dead,4,2,Moderate Commuting Dead
48001231435,964,42,723,28,2.8988723083695547,Dallas,-95.59294237138238,29.990222275536507,4.356846473029045,3.872752420470263,Car Dependent,1,1,Other
48004659185,1029,285,655,159,3.803861840102366,Austin,-95.38451329839882,30.196950255404225,27.696793002915456,24.274809160305345,Transit Dependent,3,4,Other
48001394680,1004,194,541,44,5.184727686395204,Austin,-95.88720440783072,30.05480648968369,19.322709163346612,8.133086876155268,Car Dependent,2,2,Other
48001636076,967,152,758,154,2.0334684091037194,Austin,-95.83029018447269,29.858453158428894,15.718717683557394,20.316622691292878,Transit Choice,2,4,Other
48001358532,1011,185,591,68,6.54759624564751,Houston,-95.22924974455964,29.89739685859531,18.298714144411473,11.505922165820643,Car Dependent,2,2,Other
48002936116,1047,458,637,36,14.60349238590161,Houston,-95.90604588924907,30.033209293032996,43.744030563514805,5.651491365777081,Commuting Dead,4,1,Extreme Commuting Dead
48008155837,1006,423,599,66,5.431723000868824,Houston,-95.40274300496094,29.64077787506394,42.04771371769384,11.018363939899833,Commuting Dead,4,2,Moderate Commuting Dead
48003802881,1038,460,757,97,10.513714962223652,Houston,-95.4644583761692,29.812905862391926,44.3159922928709,12.813738441215325,Commuting Dead,4,2,Moderate Commuting Dead
48005601349,957,309,566,140,5.1576810761188225,Dallas,-96.31881019985303,29.54810361608397,32.288401253918494,24.73498233215548,Transit Dependent,3,4,Other
48001132625,1038,104,780,11,6.560758807411303,Houston,-96.17483007069677,30.14350989239756,10.01926782273603,1.4102564102564104,Car Dependent,1,1,Other
48003682433,985,125,674,36,2.2354733454610773,Dallas,-95.00882190454286,30.105118563910946,12.690355329949238,5.341246290801187,Car Dependent,2,1,Other
48005514593,1008,379,695,59,3.510052399357184,Houston,-95.14283778576646,29.806653255224226,37.59920634920635,8.489208633093526,Commuting Dead,4,2,Moderate Commuting Dead
48008129091,943,355,685,142,8.334781915122282,Houston,-96.1049937508069,30.077618710766547,37.6458112407211,20.72992700729927,Transit Dependent,4,4,Other
48006884805,1016,260,578,75,4.091623694890629,Austin,-95.59540778177325,29.692308421432973,25.590551181102363,12.975778546712801,Transit Dependent,3,3,Other
48007423878,974,77,664,110,4.946433222059511,Austin,-96.27045706938952,29.86080011690501,7.905544147843943,16.566265060240966,Transit Choice,1,3,Other
48010034168,1004,335,560,113,0.8485031422391659,Houston,-96.00556116341613,30.16287744983565,33.36653386454183,20.17857142857143,Transit Dependent,3,4,Other
48007939251,1042,74,446,65,5.075909266169382,Houston,-95.4972941109445,29.505819347547366,7.1017274472168905,14.573991031390134,Transit Choice,1,3,Other
48009068234,1009,308,655,124,5.269460990287958,Houston,-95.00965604709927,29.99480329067446,30.525272547076316,18.931297709923665,Transit Dependent,3,3,Other
48009858730,1013,359,408,72,14.290163865004773,Houston,-95.59193063445855,29.823154348856768,35.43928923988154,17.647058823529413,Transit Dependent,3,3,Other
48009436322,948,202,637,76,3.1272269680054685,Dallas,-96.1597702197032,30.15102255756501,21.308016877637133,11.930926216640502,Car Dependent,2,2,Other
48003987772,977,255,531,34,11.728205791633034,Houston,-95.65966540377121,30.055534016224556,26.10030706243603,6.4030131826742,Commuting Dead,3,1,Moderate Commuting Dead
48002580177,942,284,594,135,8.702878689742892,Austin,-95.97271932207514,29.794181474251673,30.148619957537154,22.727272727272727,Transit Dependent,3,4,Other
48005071375,1006,33,575,49,1.5662101241913295,Dallas,-96.38527012185659,29.718071731179954,3.2803180914512926,8.521739130434783,Car Dependent,1,2,Other
48009420955,1016,64,431,69,2.2824359534011562,Houston,-95.91802181873936,29.950932281510905,6.299212598425196,16.009280742459396,Transit Choice,1,3,Other
48004491459,960,290,553,36,6.106199432006069,Houston,-95.69487810728606,29.935644381213933,30.208333333333332,6.50994575045208,Commuting Dead,3,1,Moderate Commuting Dead
48009097969,1015,62,735,154,2.3990578440404273,Houston,-96.48169548390433,30.15421566602308,6.108374384236454,20.952380952380953,Transit Choice,1,4,Other
48006178603,1056,159,457,6,6.7072502637968014,Houston,-95.52387292403728,29.604823302617298,15.056818181818182,1.312910284463895,Car Dependent,2,1,Other
48008619301,1045,339,539,50,4.850798285108724,Austin,-95.24499138339888,29.621455031097867,32.44019138755981,9.276437847866418,Commuting Dead,3,2,Moderate Commuting Dead
48001354017,1005,174,502,75,6.228254732222527,Dallas,-95.01863704470452,29.987362856930122,17.313432835820898,14.940239043824702,Transit Choice,2,3,Other
48006168014,995,236,599,121,8.622064396727627,Houston,-96.23966494493652,29.897257851064204,23.71859296482412,20.20033388981636,Transit Choice,2,4,Other
48009349456,974,407,403,36,13.562595518786107,Houston,-96.17410373967141,29.564059469127095,41.7864476386037,8.933002481389577,Commuting Dead,4,2,Moderate Commuting Dead
48006651291,975,206,433,84,1.318421952443978,Houston,-95.7758657495724,29.505989010585473,21.128205128205128,19.399538106235568,Transit Choice,2,4,Other
48010459735,993,173,793,88,5.015605559081904,Houston,-95.34448971005622,29.70338405489456,17.421953675730112,11.097099621689786,Car Dependent,2,2,Other
48006383241,996,41,774,163,0.03237712311024632,Dallas,-95.50320556969382,29.891736847907303,4.116465863453815,21.059431524547804,Transit Choice,1,4,Other
48006157410,1019,183,696,145,4.130436397041317,Dallas,-96.20700530346949,30.124197212443686,17.958783120706574,20.833333333333336,Transit Choice,2,4,Other
48004371170,1074,153,814,94,5.02552132037457,Houston,-95.73482346977107,29.604871863266453,14.24581005586592,11.547911547911548,Car Dependent,2,2,Other
48007576606,1004,121,601,94,1.2385748750465244,Austin,-95.57197842234746,29.78846349953674,12.05179282868526,15.640599001663894,Transit Choice,1,3,Other
48006540965,1053,305,691,137,5.612157600710294,Houston,-95.32699131197296,29.708331521274523,28.96486229819563,19.826338639652676,Transit Dependent,3,4,Other
48010061676,1007,300,415,45,10.327601466040763,Dallas,-96.2476217832882,30.145635152910835,29.791459781529294,10.843373493975903,Commuting Dead,3,2,Moderate Commuting Dead
48005200036,1054,156,570,29,5.167223210047474,Houston,-95.35210460971575,29.53440205124207,14.800759013282732,5.087719298245614,Car Dependent,2,1,Other
48005380514,1001,301,558,43,6.497849123748992,Houston,-96.46568070887588,29.949807718791998,30.069930069930066,7.706093189964158,Commuting Dead,3,2,Moderate Commuting Dead
48002151026,1050,246,476,32,8.504258622365029,Houston,-95.41204897069838,29.950524616497567,23.42857142857143,6.722689075630252,Car Dependent,2,1,Other
48009853777,1009,342,724,193,6.172172432374135,Dallas,-96.48420477740001,30.12369759003632,33.89494549058474,26.65745856353591,Transit Dependent,3,4,Other
48006460786,991,270,610,61,8.230129771756438,Houston,-96.15162477595732,30.079687982914038,27.2452068617558,10,Commuting Dead,3,2,Moderate Commuting Dead
48001825547,989,220,705,88,7.888051923614214,Houston,-95.28936136851553,29.831430722447113,22.24469160768453,12.4822695035461,Car Dependent,2,2,Other
48001523431,983,215,718,150,3.5966639223946952,Austin,-95.4365982899908,29.950406307936646,21.871820956256357,20.891364902506965,Transit Choice,2,4,Other
48002301972,994,132,666,88,3.225694874580442,Dallas,-95.70449673442636,30.026458194549196,13.279678068410464,13.213213213213212,Transit Choice,2,3,Other
48007777974,1000,332,576,127,2.8841865749986804,Houston,-96.44783599535003,29.873976067383772,33.2,22.04861111111111,Transit Dependent,3,4,Other
48002838807,1005,22,772,154,0,Houston,-95.52505315258168,29.992151965480296,2.1890547263681595,19.94818652849741,Transit Choice,1,4,Other
48010475553,991,196,709,149,6.690038471663519,Austin,-96.24628025130369,29.54836208478082,19.77800201816347,21.015514809590975,Transit Choice,2,4,Other
48010775288,949,368,393,74,6.658279662034717,Austin,-96.47046771226451,29.746015469846316,38.77766069546891,18.829516539440203,Transit Dependent,4,3,Other
48004172880,1012,189,802,70,5.6434915265202745,Austin,-95.5963516284246,29.564759249868803,18.675889328063242,8.728179551122196,Car Dependent,2,2,Other
48004496884,1051,400,477,28,7.871228955100586,Dallas,-95.83667671063449,30.161330910539252,38.05899143672693,5.870020964360587,Commuting Dead,4,1,Extreme Commuting Dead
48007120693,968,184,438,92,2.486818463697655,Houston,-95.79444754496217,29.943445984460414,19.00826446280992,21.00456621004566,Transit Choice,2,4,Other
48001640458,1010,340,603,77,9.615394367791705,Houston,-95.69146147067659,30.069382348144426,33.663366336633665,12.769485903814262,Commuting Dead,3,2,Moderate Commuting Dead
48005148470,997,325,698,89,6.427934002270301,Houston,-96.09373918152414,30.191267844545653,32.59779338014042,12.750716332378223,Commuting Dead,3,2,Moderate Commuting Dead
48006829271,992,155,619,30,3.1437853727900062,Houston,-95.07402746495791,29.643365494231695,15.625,4.846526655896607,Car Dependent,2,1,Other
48004733096,976,348,763,44,6.241392128504265,Houston,-95.14042363036424,29.758963430137374,35.65573770491803,5.766710353866317,Commuting Dead,3,1,Moderate Commuting Dead
48002310374,956,323,496,11,10.12718089908979,Dallas,-96.13589736574795,30.117980263498612,33.78661087866109,2.217741935483871,Commuting Dead,3,1,Moderate Commuting Dead
48010349479,995,404,443,17,4.778834076845809,Dallas,-96.11735614645295,30.188271049037574,40.60301507537689,3.837471783295711,Commuting Dead,4,1,Extreme Commuting Dead
48009765095,990,382,746,91,9.242270024627903,Houston,-95.31762963312212,29.72104536034167,38.58585858585858,12.198391420911529,Commuting Dead,4,2,Moderate Commuting Dead
48006304321,946,81,707,93,0,Dallas,-95.3966693825787,29.720036331424488,8.562367864693446,13.154172560113153,Transit Choice,1,3,Other
48010156856,1021,264,417,81,3.9397580873325326,Houston,-95.76712786522694,29.50309522196185,25.857002938295786,19.424460431654676,Transit Dependent,3,4,Other
48009699874,1022,142,409,109,0,Austin,-95.81007968401536,29.7872168651782,13.894324853228962,26.65036674816626,Transit Choice,2,4,Other
48007112535,1021,220,472,40,11.683402312628429,Dallas,-95.26430313289165,29.788551523536444,21.547502448579824,8.47457627118644,Car Dependent,2,2,Other
48010616614,1005,370,685,129,9.123026786138961,Houston,-95.27053659467492,29.889848641469143,36.81592039800995,18.83211678832117,Transit Dependent,4,3,Other
48003319780,1041,40,810,130,3.2266372180571956,Dallas,-95.65141306561418,29.623940158239567,3.842459173871278,16.049382716049383,Transit Choice,1,3,Other
48009846604,975,431,641,90,11.657735783375001,Austin,-96.18099204672035,30.08412625498604,44.205128205128204,14.040561622464898,Transit Dependent,4,3,Other
48003278790,1009,404,732,143,11.465127234725658,Houston,-95.65709324495401,29.739195375936106,40.0396432111001,19.53551912568306,Transit Dependent,4,4,Other
48005014318,1031,399,496,41,4.206714274303813,Houston,-95.62164469843265,30.189898055046797,38.700290979631426,8.266129032258064,Commuting Dead,4,2,Moderate Commuting Dead
48004045627,1028,290,438,58,4.155254240365724,Houston,-95.8483429061016,29.691441932343878,28.21011673151751,13.24200913242009,Transit Dependent,3,3,Other
48010667192,968,153,418,24,8.014860960398135,Dallas,-96.1221193766687,30.04212571498938,15.805785123966942,5.741626794258373,Car Dependent,2,1,Other
48006218010,1009,311,724,55,6.359601943382115,Houston,-95.6974223239813,29.505085904779843,30.822596630327055,7.596685082872928,Commuting Dead,3,2,Moderate Commuting Dead
48009575996,1010,128,805,12,7.089934404590103,Dallas,-95.69039842428174,29.71878962405026,12.673267326732674,1.4906832298136645,Car Dependent,2,1,Other
48006149630,1024,403,673,40,10.659159224658817,Houston,-95.69868792954367,29.715246903104706,39.35546875,5.943536404160475,Commuting Dead,4,1,Extreme Commuting Dead
48001460517,1026,405,642,108,8.011309026243199,Austin,-96.36370449431706,29.690227353502998,39.473684210526315,16.822429906542055,Transit Dependent,4,3,Other
48005180013,931,203,407,47,11.333862688836984,Houston,-95.8521648660535,30.082535594003275,21.804511278195488,11.547911547911548,Car Dependent,2,2,Other
48005134645,1020,420,489,15,10.078845576204571,Houston,-95.53815603978,29.998893610225057,41.17647058823529,3.067484662576687,Commuting Dead,4,1,Extreme Commuting Dead
48006792185,1027,96,674,161,1.7751945077300566,Houston,-95.83769610442687,29.53220139387995,9.34761441090555,23.887240356083087,Transit Choice,1,4,Other
48009065620,986,267,782,206,6.406298097012467,Houston,-95.46953215170652,29.619213984976522,27.079107505070994,26.342710997442452,Transit Dependent,3,4,Other
48010969742,1025,199,744,110,5.3586958834039695,Dallas,-95.2964611754287,30.14858891039621,19.414634146341463,14.78494623655914,Transit Choice,2,3,Other
48008104801,1009,439,752,86,4.3369128986992225,Austin,-96.41903302574065,29.701837735623123,43.50842418235877,11.436170212765957,Commuting Dead,4,2,Moderate Commuting Dead
48002372118,1030,91,478,32,4.472311456015522,Houston,-95.86067793238908,30.155852277507073,8.83495145631068,6.694560669456067,Car Dependent,1,1,Other
48007904455,998,216,598,90,1.6881928990012298,Houston,-96.45600490632933,29.858869877713733,21.64328657314629,15.050167224080269,Transit Choice,2,3,Other
48007949175,993,321,675,61,8.430909773579232,Dallas,-96.19739813718479,29.62026990153827,32.3262839879154,9.037037037037036,Commuting Dead,3,2,Moderate Commuting Dead
48005336492,1002,123,720,84,2.6340772739670455,Dallas,-95.76934930845164,29.56684860768728,12.275449101796406,11.666666666666666,Car Dependent,1,2,Other
48003243371,983,178,436,51,0,Austin,-95.80648076615762,30.192386547266505,18.107833163784335,11.697247706422019,Car Dependent,2,2,Other
48010649054,1010,232,631,118,3.496061976630842,Houston,-95.74097145535052,30.12444415949285,22.970297029702973,18.700475435816163,Transit Choice,2,3,Other
48009004377,1012,221,689,87,5.270091911660932,Houston,-96.34643855434842,29.5950554787647,21.83794466403162,12.62699564586357,Car Dependent,2,2,Other
48009607646,1015,236,542,98,8.993483820692889,Dallas,-96.2958077621879,29.91279461539816,23.251231527093598,18.081180811808117,Transit Choice,2,3,Other
48005680595,992,207,461,114,5.533879601083922,Houston,-95.06424857792445,29.88998390091583,20.866935483870968,24.728850325379607,Transit Choice,2,4,Other
48002596285,993,54,537,66,5.207076956501222,Dallas,-96.40340256446507,29.584000386018307,5.438066465256798,12.290502793296088,Car Dependent,1,2,Other
48003573846,977,396,529,48,10.398393680885661,Houston,-95.00939790648408,29.74264165586792,40.53224155578301,9.073724007561438,Commuting Dead,4,2,Moderate Commuting Dead
48002673352,994,211,572,113,0,Austin,-95.2891523434082,29.655187044409104,21.227364185110666,19.755244755244757,Transit Choice,2,4,Other
48004189767,1011,75,465,94,3.1731038342743614,Dallas,-95.76508219051175,30.12725088293664,7.418397626112759,20.21505376344086,Transit Choice,1,4,Other
48008623991,1018,196,477,100,6.469332610436137,Houston,-96.00995414191857,29.76124924661126,19.25343811394892,20.964360587002094,Transit Choice,2,4,Other
48005454869,957,186,673,48,1.8219707799919513,Houston,-95.74579163920134,29.573509015794844,19.435736677115987,7.13224368499257,Car Dependent,2,1,Other
48008760528,996,327,593,73,5.334291226964248,Austin,-96.07724242226686,29.781852727429943,32.831325301204814,12.310286677908937,Commuting Dead,3,2,Moderate Commuting Dead
48006973813,1037,51,598,83,0,Austin,-96.25531984050758,29.72543986097444,4.918032786885246,13.879598662207357,Transit Choice,1,3,Other
48004890205,996,142,793,30,6.821229973477902,Austin,-95.24344407673925,29.99124823170714,14.257028112449799,3.783102143757881,Car Dependent,2,1,Other
48005659641,1021,235,691,71,6.069829018337919,Dallas,-95.56899867916945,29.547821851307525,23.016650342801174,10.274963820549928,Car Dependent,2,2,Other
48004688714,1030,335,434,97,9.097982429459293,Houston,-95.10251306078862,30.006852213828825,32.5242718446602,22.350230414746544,Transit Dependent,3,4,Other
48010246656,970,232,672,135,4.428414158156339,Austin,-95.24546611553524,30.059331428282892,23.917525773195877,20.089285714285715,Transit Choice,2,4,Other
48001110608,985,317,615,120,8.284756441560202,Houston,-95.97898486210033,29.872529262304305,32.18274111675127,19.51219512195122,Transit Dependent,3,4,Other
48001486997,1028,306,616,122,4.4338451848054365,Houston,-95.32622935646214,30.00152625301853,29.766536964980546,19.805194805194805,Transit Dependent,3,4,Other
48004269463,986,202,726,64,6.8407835900269784,Houston,-95.47419518814422,29.59221749792341,20.486815415821503,8.81542699724518,Car Dependent,2,2,Other
48006638386,984,241,576,134,0.6881862452000265,Houston,-95.75458168867044,29.814045400824398,24.491869918699187,23.26388888888889,Transit Dependent,3,4,Other
48006929282,965,216,463,58,1.8496788059334994,Houston,-95.75724721874576,29.930746833281592,22.383419689119172,12.526997840172784,Car Dependent,2,2,Other
48007989943,1029,357,681,131,5.2531549640654225,Dallas,-95.15613993804436,29.64749123258516,34.69387755102041,19.23641703377386,Transit Dependent,3,4,Other
48005047452,1045,487,831,21,12.052806163716374,Dallas,-96.17673749290407,29.692133594164623,46.60287081339713,2.527075812274368,Commuting Dead,4,1,Extreme Commuting Dead
48002924636,992,258,683,63,10.120670489070953,Houston,-95.05794193409383,29.615648601460272,26.008064516129032,9.224011713030746,Commuting Dead,3,2,Moderate Commuting Dead
48007628918,1020,442,418,95,5.214429649423102,Dallas,-95.8993154609343,29.69277081268374,43.333333333333336,22.727272727272727,Transit Dependent,4,4,Other
48010819273,1042,290,622,66,5.186292905430401,Dallas,-95.93346145725809,29.875563131691887,27.83109404990403,10.610932475884244,Commuting Dead,3,2,Moderate Commuting Dead
48006006033,993,407,458,8,8.60239566459573,Houston,-95.58498538145795,29.60719425897114,40.98690835850957,1.7467248908296942,Commuting Dead,4,1,Extreme Commuting Dead
48002844166,988,379,657,101,10.95530341630263,Houston,-95.5020487542497,29.55668122926727,38.36032388663968,15.37290715372907,Transit Dependent,4,3,Other
48003739027,1035,256,425,89,6.932134420625611,Austin,-95.04311583621893,30.15081181130372,24.734299516908212,20.941176470588236,Transit Dependent,3,4,Other
48001057995,1024,391,733,10,8.267126286725244,Houston,-95.18619831069373,30.186119371675886,38.18359375,1.364256480218281,Commuting Dead,4,1,Extreme Commuting Dead
48004741696,991,98,406,54,2.870768486178214,Dallas,-96.37348560011014,29.707666486059317,9.889001009081735,13.30049261083744,Transit Choice,1,3,Other
48009804955,992,402,695,158,10.199312444945374,Austin,-95.91950885637198,29.594663674291223,40.524193548387096,22.73381294964029,Transit Dependent,4,4,Other
48006752848,976,321,476,73,8.201046276598621,Houston,-95.90797955554444,30.17109869820997,32.88934426229508,15.336134453781513,Transit Dependent,3,3,Other
48010875571,982,367,748,38,14.794192363534592,Dallas,-95.67078216234222,29.829320014547555,37.372708757637476,5.080213903743315,Commuting Dead,4,1,Extreme Commuting Dead
48007285783,1007,266,427,30,5.730007284714493,Austin,-95.90029131737538,29.505411719041877,26.41509433962264,7.02576112412178,Commuting Dead,3,1,Moderate Commuting Dead
48003274600,1004,155,413,42,4.293291621903006,Houston,-96.29853138688486,29.691993346018716,15.43824701195219,10.16949152542373,Car Dependent,2,2,Other
48002269523,996,453,462,79,7.264688117690449,Dallas,-95.98199702927377,29.92177485942375,45.48192771084337,17.0995670995671,Transit Dependent,4,3,Other
48009931271,993,243,649,156,3.7483098426415506,Dallas,-96.21595580107532,29.77839738735929,24.47129909365559,24.03697996918336,Transit Dependent,3,4,Other
48010005528,1007,32,801,188,6.36648989039913,Houston,-96.00768045953009,30.053603404620663,3.1777557100297913,23.470661672908864,Transit Choice,1,4,Other
48009937544,1057,40,660,107,1.6247193542349625,Houston,-96.4873166270554,29.827670452557506,3.7842951750236518,16.21212121212121,Transit Choice,1,3,Other
48003341547,931,158,522,51,0.4184865388254181,Houston,-96.23061686730944,29.99761950452812,16.970998925886143,9.770114942528735,Car Dependent,2,2,Other
48007066465,997,274,487,98,2.1389057003958563,Dallas,-96.1323776418576,29.994037550361828,27.482447342026077,20.123203285420946,Transit Dependent,3,4,Other
48003877236,964,400,740,74,13.89518894343445,Houston,-96.49781235610135,29.898110385029575,41.49377593360996,10,Commuting Dead,4,2,Moderate Commuting Dead
48006299263,944,194,463,33,3.9294832357350566,Austin,-96.05180092307273,29.64284316247795,20.55084745762712,7.127429805615551,Car Dependent,2,1,Other
48004302507,1011,35,419,54,0,Houston,-95.97540891938843,29.505260347086004,3.4619188921859543,12.887828162291171,Car Dependent,1,2,Other
48010698139,980,374,666,14,11.29930463222634,Austin,-95.21471237391233,29.615973507915623,38.163265306122454,2.1021021021021022,Commuting Dead,4,1,Extreme Commuting Dead
48002010385,1008,187,545,42,4.341875676370581,Houston,-95.658731515170075,29.895735795004292,18.551587301587304,7.706422018348624,Car Dependent,2,2,Other
48007876369,1022,333,556,45,12.630167281677142,Houston,-96.2947160154581,30.049234686186537,32.58317025440313,8.093525179856115,Commuting Dead,3,2,Moderate Commuting Dead
48001403482,1001,317,511,40,7.314312605538863,Houston,-96.07326165982522,30.06217242949642,31.668331668331668,7.8277886497064575,Commuting Dead,3,2,Moderate Commuting Dead
48002869177,976,390,546,88,11.58952543940955,Houston,-95.80083970061969,30.18450773106888,39.959016393442624,16.117216117216117,Transit Dependent,4,3,Other
48003990457,1011,201,805,188,3.4017923492610778,Houston,-95.76290926279034,30.087424926366655,19.881305637982198,23.354037267080745,Transit Choice,2,4,Other
48001664019,1016,455,688,140,4.4304390178561714,Dallas,-95.99193275079597,30.034776165406218,44.78346456692913,20.348837209302324,Transit Dependent,4,4,Other
48010834642,991,91,526,51,5.42354114022042,Dallas,-95.89586827124003,29.664142279094087,9.182643794147326,9.695817490494296,Car Dependent,1,2,Other
48005615555,1056,115,791,112,0,Houston,-95.9739823131822,29.97014751583338,10.890151515151516,14.15929203539823,Transit Choice,1,3,Other
48002026076,968,199,666,28,5.6578370355659064,Dallas,-95.39930550963618,29.899190008384174,20.55785123966942,4.2042042042042045,Car Dependent,2,1,Other
48003324938,970,194,768,64,0,Houston,-95.6673967448296,29.902431610017082,20,8.333333333333332,Car Dependent,2,2,Other
48003031243,1041,436,741,8,12.494156849292775,Houston,-95.22837866295595,29.624996294663287,41.88280499519693,1.0796221322537112,Commuting Dead,4,1,Extreme Commuting Dead
48010805806,976,201,695,87,10.460719390231425,Austin,-95.09972418088,29.87153513461817,20.59426229508197,12.51798561151079,Car Dependent,2,2,Other
48002837063,1009,52,643,42,3.8396328688043972,Austin,-95.91433333780151,29.803172564855778,5.153617443012884,6.531881804043546,Car Dependent,1,1,Other
48010479268,1034,131,818,53,6.426026755876043,Houston,-96.31421594147105,29.51881496524438,12.669245647969053,6.47921760391198,Car Dependent,1,1,Other
48004911941,1037,426,532,38,9.649273658618082,Houston,-95.5979064166313,29.741458109836096,41.080038572806174,7.142857142857142,Commuting Dead,4,2,Moderate Commuting Dead
48009547412,1019,428,774,146,12.343872330180623,Houston,-95.37400148203596,30.00153140844777,42.00196270853778,18.863049095607234,Transit Dependent,4,3,Other
48010148695,948,347,669,57,3.987884121745541,Dallas,-96.11992667079903,29.710803917772136,36.60337552742617,8.520179372197308,Commuting Dead,4,2,Moderate Commuting Dead
48007859923,1004,86,655,25,0,Houston,-96.13408693647943,29.714968814374878,8.565737051792828,3.816793893129771,Car Dependent,1,1,Other
48001958713,1019,68,733,31,5.825152447487066,Dallas,-96.22922620724421,29.983153015584683,6.673209028459273,4.229195088676671,Car Dependent,1,1,Other
48004089190,966,162,618,155,5.808333329483979,Dallas,-96.30597949679941,29.93207739428617,16.77018633540373,25.080906148867317,Transit Choice,2,4,Other
48006891495,932,57,452,74,0,Dallas,-95.23557289130986,30.029032403929158,6.115879828326181,16.371681415929203,Transit Choice,1,3,Other
48003631149,1014,277,800,10,8.48118543403507,Dallas,-95.29760911408812,30.153479119273833,27.317554240631164,1.25,Commuting Dead,3,1,Moderate Commuting Dead
48003650282,996,240,633,2,7.927759171851623,Dallas,-95.58801877440419,29.935955297341568,24.096385542168676,0.315955766192733,Car Dependent,2,1,Other
48006769827,988,239,457,90,1.85743770053124,Dallas,-96.35072757524904,29.811428015376443,24.19028340080972,19.693654266958426,Transit Dependent,3,4,Other
48009468025,993,274,471,92,5.102023238467975,Houston,-96.33510111772921,29.74630036125891,27.59315206445116,19.53290870488323,Transit Dependent,3,4,Other
48010212529,967,222,590,45,4.224883599588496,Houston,-96.24387410026975,30.003579168347642,22.95760082730093,7.627118644067797,Car Dependent,2,2,Other
48007080465,1050,413,714,94,7.604328917363701,Houston,-96.4192551667802,29.958261662791482,39.33333333333333,13.165266106442578,Transit Dependent,4,3,Other
48003626282,1021,208,644,151,4.234148699909337,Dallas,-95.23382732924074,29.667173103662208,20.372184133202744,23.4472049689441,Transit Choice,2,4,Other
48009491417,1023,265,554,127,3.0819632271633344,Houston,-95.07777947967406,29.716461614123546,25.90420332355816,22.92418772563177,Transit Dependent,3,4,Other
48002435392,946,224,382,5,8.588733821164313,Dallas,-95.81390327599365,30.144207347393966,23.678646934460886,1.3089005235602094,Car Dependent,2,1,Other
48006803176,982,290,438,85,8.006646094144232,Houston,-95.34729194652755,30.166574567835777,29.531568228105908,19.406392694063925,Transit Dependent,3,4,Other
48009678516,961,147,524,59,6.423485836726014,Austin,-95.08546394424047,30.14640173371881,15.29656607700312,11.259541984732824,Car Dependent,2,2,Other
48008312657,1049,427,725,183,7.6368345955039345,Austin,-96.37750888674054,29.820094123086893,40.70543374642517,25.24137931034483,Transit Dependent,4,4,Other
48006554457,1067,167,698,118,8.143270133909501,Houston,-95.0050638394896,30.04605151519645,15.651358950328023,16.9054441260745,Transit Choice,2,3,Other
48005541096,1022,411,547,72,4.081183180890032,Dallas,-95.4308947090758,29.687834708229637,40.21526418786693,13.16270566727605,Transit Dependent,4,3,Other
48010775571,991,398,397,24,10.63918931811329,Houston,-95.63181411614642,30.051239472604355,40.16145307769929,6.045340050377834,Commuting Dead,4,1,Extreme Commuting Dead
48001819553,953,365,696,111,12.31272995725643,Austin,-95.14717264659703,29.630246761324816,38.30010493179433,15.948275862068966,Transit Dependent,4,3,Other
48009732673,1025,404,674,55,8.891435265915359,Dallas,-95.33518561627716,29.93162724294234,39.41463414634146,8.160237388724036,Commuting Dead,4,2,Moderate Commuting Dead
48010390355,951,252,410,12,6.366778519331069,Houston,-95.20094680506736,29.864468173030765,26.498422712933756,2.9268292682926833,Commuting Dead,3,1,Moderate Commuting Dead
48001794387,982,97,545,106,2.169231067322648,Dallas,-95.6823236165801,29.952915836661123,9.877800407331975,19.449541284403672,Transit Choice,1,4,Other
48006264599,1088,320,492,65,3.8606020355879447,Houston,-95.93614061106928,29.94983095326461,29.411764705882355,13.211382113821138,Transit Dependent,3,3,Other
48001918299,1003,233,670,120,0.601883468617443,Dallas,-96.0698583755875,29.98416812713258,23.230309072781655,17.91044776119403,Transit Choice,2,3,Other
48009966166,1052,412,550,12,6.47149852211147,Dallas,-96.39542459358927,30.002268068958074,39.163498098859314,2.181818181818182,Commuting Dead,4,1,Extreme Commuting Dead
48004805902,971,364,685,22,14.658278439471154,Houston,-96.1454231350217,29.802713786414824,37.48712667353244,3.2116788321167884,Commuting Dead,4,1,Extreme Commuting Dead
48003877622,968,404,683,145,11.945842681223754,Houston,-95.9219483450288,29.870437528379263,41.735537190082646,21.2298682284041,Transit Dependent,4,4,Other
48005236844,955,282,734,37,8.371385430680132,Houston,-95.2113295153249,29.703491669753568,29.52879581151833,5.040871934604905,Commuting Dead,3,1,Moderate Commuting Dead
48006217608,980,218,571,73,0,Houston,-95.99389102845453,29.628554590279236,22.244897959183675,12.784588441331,Car Dependent,2,2,Other
48005658894,967,402,405,72,4.021504193329139,Houston,-95.34941468760371,29.766504906513727,41.57187176835574,17.77777777777778,Transit Dependent,4,3,Other
48010067214,1019,287,677,8,2.525497963221296,Houston,-95.6085529322736,29.907099351496434,28.164867517173697,1.1816838995568686,Commuting Dead,3,1,Moderate Commuting Dead
48004482782,982,136,596,135,0,Dallas,-95.47769053466618,29.991246567992494,13.849287169042771,22.651006711409398,Transit Choice,2,4,Other
48002627138,1031,447,499,95,8.084886528785692,Houston,-95.16647567402106,30.038162027462384,43.35596508244423,19.03807615230461,Transit Dependent,4,3,Other
48007262890,1014,173,512,89,0.6001093288616371,Houston,-95.28051660268102,29.744945784937592,17.06114398422091,17.3828125,Transit Choice,2,3,Other
48004502242,1020,444,420,61,1.7008137482519845,Houston,-95.37514919333626,29.99585941096302,43.529411764705884,14.523809523809526,Transit Dependent,4,3,Other
48009780029,966,290,584,13,9.10428413178872,Houston,-96.307267156546,29.51891977877822,30.020703933747413,2.2260273972602738,Commuting Dead,3,1,Moderate Commuting Dead
48009757952,989,90,648,111,4.552902929073759,Dallas,-95.99590804299805,29.965175433224065,9.100101112234581,17.12962962962963,Transit Choice,1,3,Other
48004890058,995,182,577,37,3.3438489605914743,Dallas,-96.29571669769939,30.03910555364564,18.291457286432163,6.412478336221837,Car Dependent,2,1,Other
48009571951,1023,438,568,137,12.932704714638206,Houston,-95.74540833721403,29.951632647356018,42.81524926686217,24.119718309859156,Transit Dependent,4,4,Other
48003163340,987,408,442,10,9.90082334740151,Austin,-95.65760641859379,29.915204742387868,41.33738601823708,2.262443438914027,Commuting Dead,4,1,Extreme Commuting Dead
48002096223,1014,216,799,119,4.094319246851653,Houston,-95.21104182885028,29.631424515973777,21.301775147928996,14.893617021276595,Transit Choice,2,3,Other
48010363474,990,167,410,81,3.2787446794795794,Houston,-95.44153166864999,29.674633776280096,16.86868686868687,19.75609756097561,Transit Choice,2,4,Other
48001705929,986,41,556,129,0.4015793323703658,Dallas,-95.32975112553686,30.045823147380723,4.158215010141988,23.201438848920862,Transit Choice,1,4,Other
48008808264,1016,291,806,56,7.570881170951322,Houston,-95.18735866399948,29.785136933391914,28.641732283464567,6.9478908188585615,Commuting Dead,3,1,Moderate Commuting Dead
48004544520,995,400,734,85,3.2945118543611565,Dallas,-95.33587976673152,29.707489150669424,40.20100502512563,11.580381471389646,Commuting Dead,4,2,Moderate Commuting Dead
48005143752,998,381,436,66,8.04070835652411,Houston,-95.10474668850657,29.96002950530965,38.17635270541082,15.137614678899084,Transit Dependent,4,3,Other
48005600906,984,232,497,43,6.790163112988271,Houston,-96.38022987009026,30.199082903703673,23.577235772357724,8.651911468812877,Car Dependent,2,2,Other
48006106699,993,70,639,133,7.500653204314872,Houston,-95.64157643949147,30.165031063905918,7.049345417925479,20.81377151799687,Transit Choice,1,4,Other
48004323690,1043,393,585,100,4.568999197346083,Austin,-95.8072614063276,29.578933175699785,37.679769894535,17.094017094017094,Transit Dependent,4,3,Other
48009993940,1038,409,471,56,9.896855865393333,Houston,-96.29685439332388,30.10055232385639,39.40269749518304,11.8895966029724,Commuting Dead,4,2,Moderate Commuting Dead
48008093407,976,418,747,155,7.779422224211277,Houston,-95.62630663753953,29.688925291108898,42.82786885245902,20.74966532797858,Transit Dependent,4,4,Other
48007534218,1027,46,795,50,2.888811729849757,Dallas,-96.32813052274287,29.690508908522315,4.47906523855891,6.289308176100629,Car Dependent,1,1,Other
48010381294,1045,386,530,35,10.247517179762308,Dallas,-95.07132050872315,30.002142176381312,36.9377990430622,6.60377358490566,Commuting Dead,4,1,Extreme Commuting Dead
48010155680,1030,111,428,78,8.100383508067562,Houston,-96.24973274290096,30.19521040560212,10.776699029126213,18.22429906542056,Transit Choice,1,3,Other
48007234032,1033,182,663,153,0,Austin,-95.11951376241632,29.823543848935515,17.618586640851888,23.076923076923077,Transit Choice,2,4,Other
48007959191,1009,483,479,11,13.53302336036857,Houston,-95.12237697304226,30.131887929793447,47.869177403369676,2.2964509394572024,Commuting Dead,4,1,Extreme Commuting Dead
48006468313,993,207,689,48,5.164213648266113,Dallas,-96.22999712685123,29.67591853803024,20.84592145015106,6.966618287373004,Car Dependent,2,1,Other
48009685395,1000,395,445,101,3.1161587548106464,Austin,-95.51446086016949,29.981283114571124,39.5,22.696629213483146,Transit Dependent,4,4,Other
48002616674,954,77,677,63,2.8400840509464196,Dallas,-95.53072289540432,30.088477990590036,8.071278825995808,9.30576070901034,Car Dependent,1,2,Other
48009311315,970,107,590,2,3.902064865954877,Dallas,-95.10210589726921,29.95350504394155,11.030927835051546,0.3389830508474576,Car Dependent,1,1,Other
48001924631,993,113,431,78,1.007714610054082,Houston,-95.78201198717579,30.109784046630374,11.379657603222558,18.097447795823665,Transit Choice,1,3,Other
48006662902,1010,25,530,132,2.5155030694596534,Houston,-96.12796125060413,29.71723487342242,2.4752475247524752,24.90566037735849,Transit Choice,1,4,Other
48007116532,1000,314,509,95,8.630958869995975,Houston,-95.708879345911555,30.173692437657156,31.4,18.664047151277014,Transit Dependent,3,3,Other
48003935739,990,31,789,144,1.5752489561453125,Austin,-95.78127103042789,29.994279312645084,3.1313131313131315,18.250950570342205,Transit Choice,1,3,Other
48010672042,1032,206,561,78,7.5850279313048175,Austin,-96.29966837074608,29.682094883243554,19.961240310077518,13.903743315508022,Transit Choice,2,3,Other
48006810965,998,443,598,46,15.539407035656811,Dallas,-95.39317979861517,30.022853572433814,44.388777555110224,7.6923076923076925,Commuting Dead,4,2,Moderate Commuting Dead
48001653329,996,349,773,70,9.55585806244516,Houston,-96.16784232633654,29.507731040427462,35.040160642570285,9.055627425614489,Commuting Dead,3,2,Moderate Commuting Dead
48010629303,1024,417,782,107,9.912075228647774,Dallas,-95.5408844089834,29.816044393903574,40.72265625,13.682864450127877,Transit Dependent,4,3,Other
48010168046,1049,381,723,55,9.771548778447084,Austin,-95.09866773243994,30.064729989506304,36.32030505243088,7.607192254495159,Commuting Dead,4,2,Moderate Commuting Dead
48010643832,1023,105,734,101,3.4776470797785257,Houston,-96.32018874282949,29.97454565910157,10.263929618768328,13.760217983651227,Transit Choice,1,3,Other
48001752098,984,260,499,56,7.071981560828511,Houston,-95.50718397158198,29.974634596612304,26.422764227642276,11.22244488977956,Commuting Dead,3,2,Moderate Commuting Dead
48008361722,966,47,678,188,0,Houston,-96.39705113158561,29.63572258928325,4.865424430641822,27.728613569321535,Transit Choice,1,4,Other
48004926789,1009,181,622,64,1.492984763951771,Houston,-96.1396547780605,30.095063917315564,17.938553022794846,10.289389067524116,Car Dependent,2,2,Other
48006459468,998,447,677,187,3.6164211432435827,Houston,-96.4891472926829,30.115594358486124,44.789579158316634,27.621861152141804,Transit Dependent,4,4,Other
48010924954,967,35,618,99,0,Houston,-96.44139146537054,29.98208632268943,3.6194415718717683,16.019417475728158,Transit Choice,1,3,Other
48004363425,999,380,643,135,4.556466677561413,Houston,-95.38667260797229,29.824942733231,38.03803803803804,20.99533437013997,Transit Dependent,4,4,Other
48008730775,1011,260,512,70,7.243597261657156,Austin,-95.92486548551824,29.62043657223694,25.71711177052423,13.671875,Transit Dependent,3,3,Other
48009835881,985,120,488,47,4.320805813583368,Houston,-95.4126508126501,29.52364844076801,12.18274111675127,9.631147540983607,Car Dependent,1,2,Other
48008902156,995,83,644,125,2.8510638425134376,Austin,-95.24654153326992,29.706778419041076,8.341708542713567,19.40993788819876,Transit Choice,1,4,Other
48003103943,1021,200,558,71,5.121569495158852,Dallas,-95.75353991589509,29.72713639030699,19.58863858961802,12.724014336917563,Car Dependent,2,2,Other
48003726534,950,344,708,57,4.677878431014472,Houston,-95.30674920929596,29.96472464299295,36.21052631578948,8.050847457627118,Commuting Dead,4,2,Moderate Commuting Dead
48008155890,1026,460,690,47,13.017087537741967,Houston,-95.03139716933947,29.925123604247347,44.834307992202724,6.811594202898551,Commuting Dead,4,1,Extreme Commuting Dead
48005086856,1025,377,785,87,10.382745579663728,Houston,-96.27692919189576,30.13171863819007,36.78048780487805,11.0828025477707,Commuting Dead,4,2,Moderate Commuting Dead
48007507669,978,375,394,12,8.903498632741934,Dallas,-95.58674459136091,30.009794052806683,38.34355828220859,3.0456852791878175,Commuting Dead,4,1,Extreme Commuting Dead
48003059289,996,310,691,170,4.976580796317353,Dallas,-95.22658962011337,30.066168594011106,31.12449799196787,24.60202604920405,Transit Dependent,3,4,Other
48010962844,1002,80,414,38,6.420492982476351,Houston,-96.03532585792709,29.586721392138863,7.984031936127744,9.178743961352657,Car Dependent,1,2,Other
48005074030,1033,75,534,74,5.423471669831263,Dallas,-95.95585112192202,29.677413324359804,7.260406582768635,13.857677902621724,Transit Choice,1,3,Other
48010586721,967,275,517,119,0,Austin,-95.18143546988722,29.865896262135358,28.43846949327818,23.017408123791103,Transit Dependent,3,4,Other
48007907270,958,109,653,29,9.087048561625673,Houston,-95.75605865858961,29.75731199402362,11.377870563674323,4.44104134762634,Car Dependent,1,1,Other
48003169636,1008,393,416,46,9.492347722310324,Austin,-95.23647955758497,29.821866441401653,38.98809523809524,11.057692307692307,Commuting Dead,4,2,Moderate Commuting Dead
48010263041,1001,159,741,131,2.1486888074650654,Houston,-95.99779531930108,30.132971421186813,15.884115884115884,17.67881241565452,Transit Choice,2,3,Other
48007797567,1030,364,637,100,4.93851313599684,Dallas,-96.14015719492454,29.72182874372229,35.33980582524272,15.698587127158556,Transit Dependent,3,3,Other
48008030977,984,264,687,86,8.053453927960717,Houston,-95.49384430085775,29.63615384423174,26.82926829268293,12.518195050946144,Commuting Dead,3,2,Moderate Commuting Dead
48008968410,1030,363,693,171,11.740809699507427,Dallas,-95.70900234859437,29.619730120827445,35.24271844660194,24.675324675324674,Transit Dependent,3,4,Other
48003663161,994,428,569,27,13.245910570007592,Houston,-96.45218252728228,29.5203835448483,43.05835010060362,4.745166959578207,Commuting Dead,4,1,Extreme Commuting Dead
48010131029,1005,154,728,112,2.953848765893745,Dallas,-95.2811370936688,29.56092298857402,15.323383084577113,15.384615384615385,Transit Choice,2,3,Other
48003655710,1027,105,780,39,2.7313517648157086,Houston,-95.24160375306383,29.96273217862472,10.223953261927946,5,Car Dependent,1,1,Other
48002682017,1003,317,749,150,3.1841477353913534,Houston,-95.25617265887558,29.912969844904726,31.60518444666002,20.026702269692922,Transit Dependent,3,4,Other
48007878026,952,13,538,83,4.613390457473271,Dallas,-95.12113251921255,29.712542253313586,1.365546218487395,15.427509293680297,Transit Choice,1,3,Other
48004213225,979,410,671,35,8.112566707135667,Dallas,-95.82934074744117,29.593646927387454,41.87946884576098,5.216095380029806,Commuting Dead,4,1,Extreme Commuting Dead
48005286712,929,199,654,107,6.207839659227254,Dallas,-95.1254826860968,29.893132643704302,21.420882669537136,16.36085626911315,Transit Choice,2,3,Other
48005902502,1002,38,684,95,3.51654894729406,Dallas,-96.35105884482618,29.649913109722547,3.792415169660679,13.88888888888889,Transit Choice,1,3,Other
48010667877,990,104,521,59,0,Houston,-96.42739938537125,29.64507391746156,10.505050505050505,11.324376199616124,Car Dependent,1,2,Other
48010132294,983,73,627,32,5.253853660710916,Houston,-95.0725102549186,30.046752756740897,7.426246185147507,5.103668261562999,Car Dependent,1,1,Other
48001493968,991,27,552,66,0.6489875378894591,Austin,-96.35312997957226,29.833030220936053,2.7245206861755804,11.956521739130435,Car Dependent,1,2,Other
48005491473,1000,396,605,38,7.520093912247414,Houston,-95.66852412791923,29.712289524334484,39.6,6.2809917355371905,Commuting Dead,4,1,Extreme Commuting Dead
48006753322,1029,99,577,50,6.935591749493937,Dallas,-96.02149269043002,29.56170526368078,9.620991253644315,8.665511265164644,Car Dependent,1,2,Other
48010507768,1019,455,493,14,7.394425934793878,Dallas,-96.0182096795179,29.93525608344935,44.651619234543674,2.839756592292089,Commuting Dead,4,1,Extreme Commuting Dead
48007753320,998,175,792,191,8.752127899070063,Houston,-95.5950483912602,29.67693255483173,17.535070140280563,24.116161616161616,Transit Choice,2,4,Other
48010313337,1039,443,826,64,7.769443662173371,Houston,-95.93053851369768,30.093434503418393,42.63715110683349,7.74818401937046,Commuting Dead,4,2,Moderate Commuting Dead
48009394670,1015,78,799,162,2.171092439007978,Dallas,-95.77596072631422,29.62497199657373,7.684729064039408,20.275344180225282,Transit Choice,1,4,Other
48002925999,994,408,483,90,8.087027647530824,Dallas,-96.00277030782308,29.907572881225494,41.04627766599598,18.633540372670808,Transit Dependent,4,3,Other
48005697066,1033,384,577,15,9.264901709344349,Houston,-95.85722383565735,30.104434126242996,37.173281703775416,2.5996533795493932,Commuting Dead,4,1,Extreme Commuting Dead
48001154802,960,258,751,102,3.752943114325409,Dallas,-96.43424807256088,29.87171544523444,26.875,13.581890812250332,Transit Dependent,3,3,Other
48008971743,967,340,551,22,10.662297640355511,Dallas,-96.12182132911403,30.162919600098395,35.160289555325754,3.9927404718693285,Commuting Dead,3,1,Moderate Commuting Dead
48002927827,1026,249,749,36,13.104171316445337,Houston,-95.85200273664668,29.6916337271221,24.269005847953213,4.806408544726302,Commuting Dead,3,1,Moderate Commuting Dead
48006836596,974,170,735,112,4.718507845935736,Austin,-95.09481600520667,29.585622254363262,17.453798767967147,15.238095238095239,Transit Choice,2,3,Other
48003409719,974,372,771,35,6.34017958417195,Houston,-95.24206497601699,29.655598865123466,38.19301848049281,4.539559014267185,Commuting Dead,4,1,Extreme Commuting Dead
48003532995,1000,50,626,27,4.240431130800093,Houston,-95.07112506125122,29.76740135322325,5,4.313099041533546,Car Dependent,1,1,Other
48008744874,1003,46,709,30,3.4686151915502963,Houston,-95.01670639624353,29.63542423315812,4.586241276171486,4.231311706629055,Car Dependent,1,1,Other
48009793627,995,355,460,20,12.53738048600868,Houston,-96.33971755323,29.58140778352972,35.678391959798994,4.3478260869565215,Commuting Dead,3,1,Moderate Commuting Dead
48007932082,1016,442,543,101,5.48511140354024,Houston,-96.05600362434052,29.947011344507334,43.503937007874015,18.60036832412523,Transit Dependent,4,3,Other
48006006970,980,99,748,136,2.2259276806435464,Dallas,-96.223318546894,30.14661056967452,10.10204081632653,18.181818181818183,Transit Choice,1,3,Other
48006579691,1039,221,573,101,7.966691491812966,Houston,-95.86248255090322,29.52190376834478,21.27045235803657,17.62652705061082,Transit Choice,2,3,Other
48008312302,991,114,592,66,4.9765762400559295,Houston,-96.17008685541805,29.928549961489626,11.503531786074673,11.14864864864865,Car Dependent,1,2,Other
48010665251,999,418,434,11,13.800166765570072,Austin,-95.3832647325471,29.963819839409553,41.84184184184184,2.5345622119815667,Commuting Dead,4,1,Extreme Commuting Dead
48005308764,1026,266,546,72,1.22771139089824,Houston,-95.76898684771731,29.84176107791718,25.925925925925924,13.186813186813188,Transit Dependent,3,3,Other
48007681518,1006,183,745,11,4.512761712793216,Dallas,-95.84954777080566,29.58372769507114,18.190854870775347,1.476510067114094,Car Dependent,2,1,Other
48009991742,1044,84,578,23,2.656841742776726,Dallas,-96.46508459106553,30.048168696230277,8.045977011494253,3.9792387543252596,Car Dependent,1,1,Other
48010305608,1038,462,630,91,8.6264844219180965,Austin,-96.0564285714645,29.897569416346958,44.50867052023121,14.444444444444443,Transit Dependent,4,3,Other
48010352149,983,188,647,31,2.5964108986056282,Dallas,-95.89039885275997,29.679641858069225,19.12512716174975,4.7913446676970635,Car Dependent,2,1,Other
48007249733,972,235,574,46,5.015103345588827,Houston,-95.94589782005642,30.128079088497906,24.17695473251029,8.013937282229964,Commuting Dead,3,2,Moderate Commuting Dead
48001486458,988,101,556,93,0,Houston,-96.13760079897474,29.85936843487434,10.222672064777328,16.72661870503597,Transit Choice,1,3,Other
48006778738,985,151,603,15,7.969951433256418,Houston,-95.61770757986233,29.987762190331704,15.32994923857868,2.4875621890547266,Car Dependent,2,1,Other
48004413212,1011,297,768,118,5.216127256445002,Houston,-96.06658778560814,29.81578703755513,29.376854599406528,15.364583333333334,Transit Dependent,3,3,Other
48007824895,1023,370,517,89,7.978710208866919,Austin,-96.48126452660654,29.774927293066867,36.168132942326494,17.2147001934236,Transit Dependent,3,3,Other
48010632057,969,112,688,95,3.5811678297647993,Dallas,-95.67940514092334,29.69355006904807,11.55830753353973,13.80813953488372,Transit Choice,1,3,Other
48008103549,981,153,524,62,6.618239916784404,Houston,-96.10973121400457,29.93647129351739,15.59633027522936,11.83206106870229,Car Dependent,2,2,Other
48003753325,996,111,701,41,6.219349170876848,Dallas,-96.43969580566045,29.570638984814288,11.144578313253012,5.848787446504993,Car Dependent,1,1,Other
48004030396,984,253,701,97,0.6685094727961733,Houston,-95.67271750047803,29.53415417210199,25.71138211382114,13.837375178316691,Transit Dependent,3,3,Other
48007977396,944,83,382,70,0,Dallas,-95.86685510654934,29.7578614189988,8.792372881355933,18.32460732984293,Transit Choice,1,3,Other
48008774511,1044,440,796,142,5.334057544500352,Houston,-95.46244518412277,29.703173215244895,42.1455938697318,17.839195979899497,Transit Dependent,4,3,Other
48008060209,981,214,718,90,0.1758896245445856,Houston,-96.25568205642048,30.150505704595705,21.8144750254842,12.534818941504177,Car Dependent,2,2,Other
48003036541,999,32,609,110,0,Austin,-96.25493998278398,29.775865219696424,3.203203203203203,18.0623973727422,Transit Choice,1,3,Other
48009017098,1005,391,493,101,10.19989154555924,Dallas,-96.37848865229171,30.125532813649624,38.905472636815915,20.486815415821503,Transit Dependent,4,4,Other
48007954691,960,97,613,55,4.085260890908397,Houston,-96.08783060440328,29.50256991384085,10.104166666666666,8.97226753670473,Car Dependent,1,2,Other
48002028676,949,99,549,55,3.844844198917796,Dallas,-96.3170906297164,30.131234604958443,10.432033719704952,10.018214936247723,Car Dependent,1,2,Other
48007559691,1004,273,639,27,6.8020958534124425,Austin,-96.43129527405836,30.17285671310965,27.191235059760956,4.225352112676056,Commuting Dead,3,1,Moderate Commuting Dead
48005404042,961,292,480,88,3.041892532901974,Houston,-96.43846442969516,30.145099772210234,30.385015608740893,18.333333333333332,Transit Dependent,3,3,Other
48005996551,1019,443,642,147,9.184374144277536,Houston,-95.48253107187338,29.940127686201595,43.47399411187439,22.897196261682243,Transit Dependent,4,4,Other
48008190943,974,108,568,30,5.967718700532662,Dallas,-95.25511652021669,29.57332753529772,11.088295687885012,5.28169014084507,Car Dependent,1,1,Other
48004775410,978,386,549,13,9.659152022068369,Houston,-95.39505779196043,30.096877632592804,39.46830265848671,2.3679417122040074,Commuting Dead,4,1,Extreme Commuting Dead
48002274493,972,77,392,68,4.070532114054361,Austin,-95.57832994847558,29.66105997080449,7.921810699588478,17.346938775510203,Transit Choice,1,3,Other
48007601885,995,117,683,165,5.773303071788397,Houston,-95.7943138302071,29.84420171601232,11.758793969849247,24.15812591508053,Transit Choice,1,4,Other
48001718117,1024,407,456,24,4.9894242341342965,Houston,-95.65493325749412,29.736965814139694,39.74609375,5.263157894736842,Commuting Dead,4,1,Extreme Commuting Dead
48010210931,1028,284,724,52,9.456464499905294,Dallas,-95.73326960077975,29.980023633525708,27.626459143968873,7.18232044198895,Commuting Dead,3,2,Moderate Commuting Dead
48003465071,1032,137,791,183,5.805718283071265,Houston,-95.70938205509447,29.977484795846976,13.275193798449614,23.13527180783818,Transit Choice,2,4,Other
48008524003,1034,332,654,149,5.393963247190552,Houston,-96.49099886103068,30.18026121824514,32.10831721470019,22.782874617737004,Transit Dependent,3,4,Other
48003431936,1008,421,475,74,7.660380921503603,Houston,-95.45084084745031,29.61351658536587,41.76587301587302,15.578947368421053,Transit Dependent,4,3,Other
48002561911,1004,231,687,83,7.53551176324132,Houston,-95.11813509720378,29.857559330994263,23.007968127490038,12.081513828238718,Car Dependent,2,2,Other
48010821189,972,116,424,46,0.43016586464865514,Houston,-95.19200691510923,29.902331769373266,11.934156378600823,10.849056603773585,Car Dependent,1,2,Other
48003781188,1020,275,524,43,7.874574653835951,Houston,-95.92870808730368,29.935629698378033,26.96078431372549,8.206106870229007,Commuting Dead,3,2,Moderate Commuting Dead
48004552074,1045,352,759,76,8.228190561673241,Austin,-95.36907177011017,29.512967782095075,33.68421052631579,10.013175230566535,Commuting Dead,3,2,Moderate Commuting Dead
48006650627,1002,104,632,74,5.297397008309621,Dallas,-96.08827592793386,29.994953322107904,10.379241516966067,11.708860759493671,Car Dependent,1,2,Other
48010420262,1014,410,586,99,8.030734093189306,Houston,-96.46522693778388,29.77610635792371,40.433925049309664,16.89419795221843,Transit Dependent,4,3,Other
48002045435,1021,312,708,147,5.926699669350605,Austin,-95.7382346392842,29.953839662950486,30.558276199804112,20.76271186440678,Transit Dependent,3,4,Other
48008599700,976,437,579,110,7.392510024961856,Houston,-95.45639306970406,29.581258530006743,44.77459016393443,18.998272884283246,Transit Dependent,4,3,Other
48001627028,1024,95,597,8,6.99902008287188,Austin,-95.4100649986649,30.017484119045548,9.27734375,1.340033500837521,Car Dependent,1,1,Other
48007778900,966,99,507,125,0,Dallas,-95.76942588132806,29.630403241608292,10.248447204968944,24.65483234714004,Transit Choice,1,4,Other
48005749411,965,351,560,69,10.655923976874213,Houston,-95.08667021850124,29.784715988161043,36.373056994818654,12.321428571428573,Commuting Dead,4,2,Moderate Commuting Dead
48002910962,1006,265,501,49,3.668642649470318,Austin,-95.9224218830932,29.610599231906235,26.341948310139163,9.780439121756487,Commuting Dead,3,2,Moderate Commuting Dead
48005196399,1042,80,551,94,3.650787253361795,Austin,-95.5232023592107,29.76433084332384,7.677543186180421,17.05989110707804,Transit Choice,1,3,Other
48005775087,1015,378,773,53,9.162384788061392,Dallas,-95.65531461592764,30.011719090607947,37.24137931034483,6.85640362225097,Commuting Dead,4,1,Extreme Commuting Dead
48010157407,1025,391,704,87,15.733149226091335,Austin,-96.30452524882276,29.586599295400084,38.146341463414636,12.357954545454545,Commuting Dead,4,2,Moderate Commuting Dead
48001231895,984,143,494,107,3.276906702526375,Houston,-96.22946980141569,29.613284313329494,14.532520325203253,21.65991902834008,Transit Choice,2,4,Other
48002349450,1008,421,645,94,4.619660442045851,Houston,-95.79739726835396,29.758359839906916,41.76587301587302,14.573643410852712,Transit Dependent,4,3,Other
48006654399,1010,330,447,19,6.663562360028346,Houston,-95.00048031483311,30.02878820246551,32.67326732673268,4.250559284116331,Commuting Dead,3,1,Moderate Commuting Dead
48001917606,1031,415,823,92,6.474103930012747,Austin,-95.68576895736624,29.736901097628287,40.252182347235696,11.178614823815309,Commuting Dead,4,2,Moderate Commuting Dead
48002690241,999,164,486,78,6.837462905887907,Dallas,-95.52331021334976,29.79547933188733,16.416416416416414,16.049382716049383,Transit Choice,2,3,Other
48007625466,942,430,545,34,6.238007798545111,Austin,-95.65215383446775,29.69755029082298,45.64755838641189,6.238532110091743,Commuting Dead,4,1,Extreme Commuting Dead
